-- MySQL dump 10.13  Distrib 8.0.28, for Win64 (x86_64)
--
-- Host: 127.0.0.1    Database: school
-- ------------------------------------------------------
-- Server version	8.0.28

/*!40101 SET @OLD_CHARACTER_SET_CLIENT=@@CHARACTER_SET_CLIENT */;
/*!40101 SET @OLD_CHARACTER_SET_RESULTS=@@CHARACTER_SET_RESULTS */;
/*!40101 SET @OLD_COLLATION_CONNECTION=@@COLLATION_CONNECTION */;
/*!50503 SET NAMES utf8mb4 */;
/*!40103 SET @OLD_TIME_ZONE=@@TIME_ZONE */;
/*!40103 SET TIME_ZONE='+00:00' */;
/*!40014 SET @OLD_UNIQUE_CHECKS=@@UNIQUE_CHECKS, UNIQUE_CHECKS=0 */;
/*!40014 SET @OLD_FOREIGN_KEY_CHECKS=@@FOREIGN_KEY_CHECKS, FOREIGN_KEY_CHECKS=0 */;
/*!40101 SET @OLD_SQL_MODE=@@SQL_MODE, SQL_MODE='NO_AUTO_VALUE_ON_ZERO' */;
/*!40111 SET @OLD_SQL_NOTES=@@SQL_NOTES, SQL_NOTES=0 */;

--
-- Table structure for table `class`
--

DROP TABLE IF EXISTS `class`;
/*!40101 SET @saved_cs_client     = @@character_set_client */;
/*!50503 SET character_set_client = utf8mb4 */;
CREATE TABLE `class` (
  `id` int NOT NULL AUTO_INCREMENT,
  `subject` varchar(15) NOT NULL,
  PRIMARY KEY (`id`),
  UNIQUE KEY `id` (`id`)
) ENGINE=InnoDB AUTO_INCREMENT=11 DEFAULT CHARSET=utf8mb4 COLLATE=utf8mb4_0900_ai_ci;
/*!40101 SET character_set_client = @saved_cs_client */;

--
-- Dumping data for table `class`
--

LOCK TABLES `class` WRITE;
/*!40000 ALTER TABLE `class` DISABLE KEYS */;
INSERT INTO `class` VALUES (1,'Math'),(2,'History'),(3,'Gym'),(4,'English'),(5,'Spanish'),(6,'Portuguese'),(7,'Art'),(8,'Science'),(9,'Coding'),(10,'Politics');
/*!40000 ALTER TABLE `class` ENABLE KEYS */;
UNLOCK TABLES;

--
-- Table structure for table `class_student_association`
--

DROP TABLE IF EXISTS `class_student_association`;
/*!40101 SET @saved_cs_client     = @@character_set_client */;
/*!50503 SET character_set_client = utf8mb4 */;
CREATE TABLE `class_student_association` (
  `id` int NOT NULL AUTO_INCREMENT,
  `student_id` int NOT NULL,
  `class_id` int NOT NULL,
  PRIMARY KEY (`id`),
  UNIQUE KEY `id` (`id`)
) ENGINE=InnoDB AUTO_INCREMENT=12 DEFAULT CHARSET=utf8mb4 COLLATE=utf8mb4_0900_ai_ci;
/*!40101 SET character_set_client = @saved_cs_client */;

--
-- Dumping data for table `class_student_association`
--

LOCK TABLES `class_student_association` WRITE;
/*!40000 ALTER TABLE `class_student_association` DISABLE KEYS */;
INSERT INTO `class_student_association` VALUES (1,3,3),(2,3,3),(3,3,2),(4,1,4),(5,1,2),(6,4,4),(7,3,1),(8,5,7),(9,7,6),(10,5,6),(11,1,7);
/*!40000 ALTER TABLE `class_student_association` ENABLE KEYS */;
UNLOCK TABLES;

--
-- Table structure for table `student`
--

DROP TABLE IF EXISTS `student`;
/*!40101 SET @saved_cs_client     = @@character_set_client */;
/*!50503 SET character_set_client = utf8mb4 */;
CREATE TABLE `student` (
  `id` int NOT NULL AUTO_INCREMENT,
  `firstname` varchar(20) DEFAULT NULL,
  `lastname` varchar(20) DEFAULT NULL,
  `gradeId` int DEFAULT NULL,
  PRIMARY KEY (`id`),
  UNIQUE KEY `id` (`id`)
) ENGINE=InnoDB AUTO_INCREMENT=11 DEFAULT CHARSET=utf8mb4 COLLATE=utf8mb4_0900_ai_ci;
/*!40101 SET character_set_client = @saved_cs_client */;

--
-- Dumping data for table `student`
--

LOCK TABLES `student` WRITE;
/*!40000 ALTER TABLE `student` DISABLE KEYS */;
INSERT INTO `student` VALUES (1,'Jeffrey','Costa',1),(2,'Ethan','Silva',2),(3,'Andrew','Williams',3),(4,'Joshua','Souza',4),(5,'Tobi','Brown',5),(6,'Simon','White',6),(7,'Travon','Gomes',7),(8,'Brittney','Sousa',8),(9,'Eliza','Fullerton',9),(10,'Selena','Appletine',10);
/*!40000 ALTER TABLE `student` ENABLE KEYS */;
UNLOCK TABLES;

--
-- Table structure for table `student_address`
--

DROP TABLE IF EXISTS `student_address`;
/*!40101 SET @saved_cs_client     = @@character_set_client */;
/*!50503 SET character_set_client = utf8mb4 */;
CREATE TABLE `student_address` (
  `id` int NOT NULL AUTO_INCREMENT,
  `street` varchar(20) NOT NULL,
  `streetnumber` int NOT NULL,
  `city` varchar(20) NOT NULL,
  `state` varchar(20) NOT NULL,
  `studentId` int NOT NULL,
  PRIMARY KEY (`id`),
  UNIQUE KEY `id` (`id`),
  KEY `studentId` (`studentId`),
  CONSTRAINT `student_address_ibfk_1` FOREIGN KEY (`studentId`) REFERENCES `student` (`id`)
) ENGINE=InnoDB AUTO_INCREMENT=11 DEFAULT CHARSET=utf8mb4 COLLATE=utf8mb4_0900_ai_ci;
/*!40101 SET character_set_client = @saved_cs_client */;

--
-- Dumping data for table `student_address`
--

LOCK TABLES `student_address` WRITE;
/*!40000 ALTER TABLE `student_address` DISABLE KEYS */;
INSERT INTO `student_address` VALUES (1,'Cambridge',514,'Fall River','MA',1),(2,'Oman',24,'Somerset','MA',2),(3,'Harrison',760,'Swansea','MA',3),(4,'Fullhead',5,'Portsmouth','RI',4),(5,'Topper',478,'Bristol','RI',5),(6,'Rodman',45,'Fall River','MA',6),(7,'Jefferson',1205,'Hyannis','MA',7),(8,'Putton',1,'Bridgeport','CT',8),(9,'Maple',2403,'Swansea','MA',9),(10,'Whitebridge',8,'Boston','MA',10);
/*!40000 ALTER TABLE `student_address` ENABLE KEYS */;
UNLOCK TABLES;
/*!40103 SET TIME_ZONE=@OLD_TIME_ZONE */;

/*!40101 SET SQL_MODE=@OLD_SQL_MODE */;
/*!40014 SET FOREIGN_KEY_CHECKS=@OLD_FOREIGN_KEY_CHECKS */;
/*!40014 SET UNIQUE_CHECKS=@OLD_UNIQUE_CHECKS */;
/*!40101 SET CHARACTER_SET_CLIENT=@OLD_CHARACTER_SET_CLIENT */;
/*!40101 SET CHARACTER_SET_RESULTS=@OLD_CHARACTER_SET_RESULTS */;
/*!40101 SET COLLATION_CONNECTION=@OLD_COLLATION_CONNECTION */;
/*!40111 SET SQL_NOTES=@OLD_SQL_NOTES */;

-- Dump completed on 2022-05-02 21:14:01
